{
    "allies_missiles_smoke_color": [
        0.8719972372055054,
        1.0,
        0.8672566413879395,
        1.0
    ],
    "ennemies_missiles_smoke_color": [
        1.0,
        0.8893805146217346,
        0.8893805146217346,
        1.0
    ]
}